{"bytes_transferred": 16320, "datagrams_received": 68, "datagrams_sent": 67, "duration_seconds": 0.40337523900052474, "retransmissions": 0, "throughput_bytes_per_second": 40458.606334978256}
