{"bytes_transferred": 16320, "datagrams_received": 67, "datagrams_sent": 68, "duration_seconds": 0.14633984299962322, "retransmissions": 0, "throughput_bytes_per_second": 111521.23485633383}
