{
  "capture_pcap": true,
  "hash_match": true,
  "input_bytes": 16320,
  "input_sha256": "f15595903895536b73d669d601a0c865629d93597d94feea8fc03f8c07ebdf7d",
  "mode": "sr",
  "output_sha256": "f15595903895536b73d669d601a0c865629d93597d94feea8fc03f8c07ebdf7d",
  "receiver": {
    "bytes_transferred": 16320,
    "datagrams_received": 68,
    "datagrams_sent": 67,
    "duration_seconds": 0.40738560299996607,
    "retransmissions": 0,
    "throughput_bytes_per_second": 40060.325843182436
  },
  "scenario": "R1",
  "scenario_kind": "reorder",
  "scenario_value": 10,
  "sender": {
    "bytes_transferred": 16320,
    "datagrams_received": 67,
    "datagrams_sent": 68,
    "duration_seconds": 0.14819541300039418,
    "retransmissions": 0,
    "throughput_bytes_per_second": 110124.86601023603
  },
  "window": 16
}
