{"bytes_transferred": 16320, "datagrams_received": 119, "datagrams_sent": 117, "duration_seconds": 1.3085648559999754, "retransmissions": 1, "throughput_bytes_per_second": 12471.678362115746}
