{"bytes_transferred": 16320, "datagrams_received": 119, "datagrams_sent": 117, "duration_seconds": 1.266528971000298, "retransmissions": 1, "throughput_bytes_per_second": 12885.611283814967}
