{"bytes_transferred": 16320, "datagrams_received": 117, "datagrams_sent": 120, "duration_seconds": 1.0558449410000321, "retransmissions": 51, "throughput_bytes_per_second": 15456.815074136442}
