{"bytes_transferred": 16320, "datagrams_received": 117, "datagrams_sent": 120, "duration_seconds": 1.0566085390000808, "retransmissions": 51, "throughput_bytes_per_second": 15445.644623925145}
