{"bytes_transferred": 16320, "datagrams_received": 77, "datagrams_sent": 74, "duration_seconds": 0.0073918699999921955, "retransmissions": 6, "throughput_bytes_per_second": 2207831.035991871}
