{"bytes_transferred": 16320, "datagrams_received": 72, "datagrams_sent": 71, "duration_seconds": 0.006383582000125898, "retransmissions": 3, "throughput_bytes_per_second": 2556558.371096061}
