{
  "capture_pcap": true,
  "hash_match": true,
  "input_bytes": 16320,
  "input_sha256": "f15595903895536b73d669d601a0c865629d93597d94feea8fc03f8c07ebdf7d",
  "mode": "sr",
  "output_sha256": "f15595903895536b73d669d601a0c865629d93597d94feea8fc03f8c07ebdf7d",
  "receiver": {
    "bytes_transferred": 16320,
    "datagrams_received": 72,
    "datagrams_sent": 77,
    "duration_seconds": 0.21693995199984784,
    "retransmissions": 0,
    "throughput_bytes_per_second": 75228.19033356957
  },
  "scenario": "P1",
  "scenario_kind": "loss",
  "scenario_value": 1,
  "sender": {
    "bytes_transferred": 16320,
    "datagrams_received": 77,
    "datagrams_sent": 74,
    "duration_seconds": 0.0073918699999921955,
    "retransmissions": 6,
    "throughput_bytes_per_second": 2207831.035991871
  },
  "window": 4
}
