{
  "capture_pcap": true,
  "hash_match": true,
  "input_bytes": 16320,
  "input_sha256": "f15595903895536b73d669d601a0c865629d93597d94feea8fc03f8c07ebdf7d",
  "mode": "sr",
  "output_sha256": "f15595903895536b73d669d601a0c865629d93597d94feea8fc03f8c07ebdf7d",
  "receiver": {
    "bytes_transferred": 16320,
    "datagrams_received": 70,
    "datagrams_sent": 72,
    "duration_seconds": 0.25414120400000684,
    "retransmissions": 0,
    "throughput_bytes_per_second": 64216.26931459552
  },
  "scenario": "P1",
  "scenario_kind": "loss",
  "scenario_value": 1,
  "sender": {
    "bytes_transferred": 16320,
    "datagrams_received": 72,
    "datagrams_sent": 71,
    "duration_seconds": 0.006383582000125898,
    "retransmissions": 3,
    "throughput_bytes_per_second": 2556558.371096061
  },
  "window": 4
}
