{"bytes_transferred": 16320, "datagrams_received": 67, "datagrams_sent": 68, "duration_seconds": 0.14553611799965438, "retransmissions": 0, "throughput_bytes_per_second": 112137.11224617629}
