{"bytes_transferred": 16320, "datagrams_received": 67, "datagrams_sent": 68, "duration_seconds": 0.14730774400049995, "retransmissions": 0, "throughput_bytes_per_second": 110788.47287176302}
