{"bytes_transferred": 16320, "datagrams_received": 67, "datagrams_sent": 68, "duration_seconds": 0.005293132999213412, "retransmissions": 0, "throughput_bytes_per_second": 3083240.115528032}
