{"bytes_transferred": 16320, "datagrams_received": 67, "datagrams_sent": 68, "duration_seconds": 0.009027331000652339, "retransmissions": 0, "throughput_bytes_per_second": 1807843.3147982138}
