{"bytes_transferred": 16320, "datagrams_received": 67, "datagrams_sent": 68, "duration_seconds": 0.007595969999783847, "retransmissions": 0, "throughput_bytes_per_second": 2148507.695589162}
