{
  "capture_pcap": true,
  "hash_match": true,
  "input_bytes": 16320,
  "input_sha256": "f15595903895536b73d669d601a0c865629d93597d94feea8fc03f8c07ebdf7d",
  "mode": "saw",
  "output_sha256": "f15595903895536b73d669d601a0c865629d93597d94feea8fc03f8c07ebdf7d",
  "receiver": {
    "bytes_transferred": 16320,
    "datagrams_received": 68,
    "datagrams_sent": 67,
    "duration_seconds": 0.26653235199955816,
    "retransmissions": 0,
    "throughput_bytes_per_second": 61230.8407499704
  },
  "scenario": "P0",
  "scenario_kind": "loss",
  "scenario_value": 0,
  "sender": {
    "bytes_transferred": 16320,
    "datagrams_received": 67,
    "datagrams_sent": 68,
    "duration_seconds": 0.007595969999783847,
    "retransmissions": 0,
    "throughput_bytes_per_second": 2148507.695589162
  },
  "window": 1
}
