{"bytes_transferred": 16320, "datagrams_received": 67, "datagrams_sent": 68, "duration_seconds": 0.004901586999949359, "retransmissions": 0, "throughput_bytes_per_second": 3329533.883652093}
