{"bytes_transferred": 16320, "datagrams_received": 67, "datagrams_sent": 68, "duration_seconds": 0.013449552000565745, "retransmissions": 0, "throughput_bytes_per_second": 1213423.316948662}
