{
  "capture_pcap": true,
  "hash_match": true,
  "input_bytes": 16320,
  "input_sha256": "f15595903895536b73d669d601a0c865629d93597d94feea8fc03f8c07ebdf7d",
  "mode": "sr",
  "output_sha256": "f15595903895536b73d669d601a0c865629d93597d94feea8fc03f8c07ebdf7d",
  "receiver": {
    "bytes_transferred": 16320,
    "datagrams_received": 68,
    "datagrams_sent": 67,
    "duration_seconds": 0.2880451270002595,
    "retransmissions": 0,
    "throughput_bytes_per_second": 56657.7889025885
  },
  "scenario": "P0",
  "scenario_kind": "loss",
  "scenario_value": 0,
  "sender": {
    "bytes_transferred": 16320,
    "datagrams_received": 67,
    "datagrams_sent": 68,
    "duration_seconds": 0.013449552000565745,
    "retransmissions": 0,
    "throughput_bytes_per_second": 1213423.316948662
  },
  "window": 4
}
