{"bytes_transferred": 16320, "datagrams_received": 133, "datagrams_sent": 131, "duration_seconds": 0.9633789259996774, "retransmissions": 1, "throughput_bytes_per_second": 16940.374716070408}
