{"bytes_transferred": 16320, "datagrams_received": 133, "datagrams_sent": 131, "duration_seconds": 0.9469349900000452, "retransmissions": 1, "throughput_bytes_per_second": 17234.551655968717}
