{"bytes_transferred": 16320, "datagrams_received": 131, "datagrams_sent": 134, "duration_seconds": 0.7110822260001441, "retransmissions": 65, "throughput_bytes_per_second": 22950.93225969157}
