{"bytes_transferred": 16320, "datagrams_received": 131, "datagrams_sent": 133, "duration_seconds": 0.7148793460000888, "retransmissions": 64, "throughput_bytes_per_second": 22829.027151664235}
