{
  "capture_pcap": true,
  "hash_match": true,
  "input_bytes": 16320,
  "input_sha256": "f15595903895536b73d669d601a0c865629d93597d94feea8fc03f8c07ebdf7d",
  "mode": "sr",
  "output_sha256": "f15595903895536b73d669d601a0c865629d93597d94feea8fc03f8c07ebdf7d",
  "receiver": {
    "bytes_transferred": 16320,
    "datagrams_received": 133,
    "datagrams_sent": 131,
    "duration_seconds": 0.9633789259996774,
    "retransmissions": 1,
    "throughput_bytes_per_second": 16940.374716070408
  },
  "scenario": "L2",
  "scenario_kind": "latency",
  "scenario_value": 100,
  "sender": {
    "bytes_transferred": 16320,
    "datagrams_received": 131,
    "datagrams_sent": 133,
    "duration_seconds": 0.7148793460000888,
    "retransmissions": 64,
    "throughput_bytes_per_second": 22829.027151664235
  },
  "window": 16
}
