{"bytes_transferred": 16320, "datagrams_received": 67, "datagrams_sent": 68, "duration_seconds": 0.0050625969997781795, "retransmissions": 0, "throughput_bytes_per_second": 3223641.937273512}
