{"bytes_transferred": 16320, "datagrams_received": 67, "datagrams_sent": 68, "duration_seconds": 0.007686426999498508, "retransmissions": 0, "throughput_bytes_per_second": 2123223.183029616}
