{
  "capture_pcap": true,
  "hash_match": true,
  "input_bytes": 16320,
  "input_sha256": "f15595903895536b73d669d601a0c865629d93597d94feea8fc03f8c07ebdf7d",
  "mode": "sr",
  "output_sha256": "f15595903895536b73d669d601a0c865629d93597d94feea8fc03f8c07ebdf7d",
  "receiver": {
    "bytes_transferred": 16320,
    "datagrams_received": 68,
    "datagrams_sent": 67,
    "duration_seconds": 0.41220914099994843,
    "retransmissions": 0,
    "throughput_bytes_per_second": 39591.55287146347
  },
  "scenario": "R0",
  "scenario_kind": "reorder",
  "scenario_value": 0,
  "sender": {
    "bytes_transferred": 16320,
    "datagrams_received": 67,
    "datagrams_sent": 68,
    "duration_seconds": 0.1477172380000411,
    "retransmissions": 0,
    "throughput_bytes_per_second": 110481.35086302832
  },
  "window": 16
}
