{
  "capture_pcap": true,
  "hash_match": true,
  "input_bytes": 16320,
  "input_sha256": "f15595903895536b73d669d601a0c865629d93597d94feea8fc03f8c07ebdf7d",
  "mode": "sr",
  "output_sha256": "f15595903895536b73d669d601a0c865629d93597d94feea8fc03f8c07ebdf7d",
  "receiver": {
    "bytes_transferred": 16320,
    "datagrams_received": 68,
    "datagrams_sent": 67,
    "duration_seconds": 0.3652903449992664,
    "retransmissions": 0,
    "throughput_bytes_per_second": 44676.78991086604
  },
  "scenario": "R0",
  "scenario_kind": "reorder",
  "scenario_value": 0,
  "sender": {
    "bytes_transferred": 16320,
    "datagrams_received": 67,
    "datagrams_sent": 68,
    "duration_seconds": 0.1463597470001332,
    "retransmissions": 0,
    "throughput_bytes_per_second": 111506.06867327495
  },
  "window": 16
}
