{"bytes_transferred": 16320, "datagrams_received": 67, "datagrams_sent": 68, "duration_seconds": 0.010340928999539756, "retransmissions": 0, "throughput_bytes_per_second": 1578194.7638095529}
