{"bytes_transferred": 16320, "datagrams_received": 722, "datagrams_sent": 721, "duration_seconds": 0.6129256499998519, "retransmissions": 0, "throughput_bytes_per_second": 26626.394245376978}
