{"bytes_transferred": 16320, "datagrams_received": 721, "datagrams_sent": 1097, "duration_seconds": 0.36911923799925717, "retransmissions": 1029, "throughput_bytes_per_second": 44213.35525197644}
