{"bytes_transferred": 16320, "datagrams_received": 552, "datagrams_sent": 939, "duration_seconds": 0.14318852799988235, "retransmissions": 871, "throughput_bytes_per_second": 113975.61123062462}
