{
  "capture_pcap": true,
  "hash_match": true,
  "input_bytes": 16320,
  "input_sha256": "f15595903895536b73d669d601a0c865629d93597d94feea8fc03f8c07ebdf7d",
  "mode": "gbn",
  "output_sha256": "f15595903895536b73d669d601a0c865629d93597d94feea8fc03f8c07ebdf7d",
  "receiver": {
    "bytes_transferred": 16320,
    "datagrams_received": 553,
    "datagrams_sent": 552,
    "duration_seconds": 0.386570546999792,
    "retransmissions": 0,
    "throughput_bytes_per_second": 42217.39117649018
  },
  "scenario": "P3",
  "scenario_kind": "loss",
  "scenario_value": 10,
  "sender": {
    "bytes_transferred": 16320,
    "datagrams_received": 552,
    "datagrams_sent": 939,
    "duration_seconds": 0.14318852799988235,
    "retransmissions": 871,
    "throughput_bytes_per_second": 113975.61123062462
  },
  "window": 16
}
