{
  "capture_pcap": true,
  "hash_match": true,
  "input_bytes": 16320,
  "input_sha256": "f15595903895536b73d669d601a0c865629d93597d94feea8fc03f8c07ebdf7d",
  "mode": "gbn",
  "output_sha256": "f15595903895536b73d669d601a0c865629d93597d94feea8fc03f8c07ebdf7d",
  "receiver": {
    "bytes_transferred": 16320,
    "datagrams_received": 722,
    "datagrams_sent": 721,
    "duration_seconds": 0.6129256499998519,
    "retransmissions": 0,
    "throughput_bytes_per_second": 26626.394245376978
  },
  "scenario": "P3",
  "scenario_kind": "loss",
  "scenario_value": 10,
  "sender": {
    "bytes_transferred": 16320,
    "datagrams_received": 721,
    "datagrams_sent": 1097,
    "duration_seconds": 0.36911923799925717,
    "retransmissions": 1029,
    "throughput_bytes_per_second": 44213.35525197644
  },
  "window": 16
}
