{
  "capture_pcap": true,
  "hash_match": true,
  "input_bytes": 16320,
  "input_sha256": "f15595903895536b73d669d601a0c865629d93597d94feea8fc03f8c07ebdf7d",
  "mode": "saw",
  "output_sha256": "f15595903895536b73d669d601a0c865629d93597d94feea8fc03f8c07ebdf7d",
  "receiver": {
    "bytes_transferred": 16320,
    "datagrams_received": 68,
    "datagrams_sent": 67,
    "duration_seconds": 3.631687234999845,
    "retransmissions": 0,
    "throughput_bytes_per_second": 4493.779046476919
  },
  "scenario": "L1",
  "scenario_kind": "latency",
  "scenario_value": 50,
  "sender": {
    "bytes_transferred": 16320,
    "datagrams_received": 67,
    "datagrams_sent": 68,
    "duration_seconds": 3.394899752999663,
    "retransmissions": 0,
    "throughput_bytes_per_second": 4807.211165979197
  },
  "window": 1
}
