{"bytes_transferred": 16320, "datagrams_received": 133, "datagrams_sent": 131, "duration_seconds": 6.987978959000429, "retransmissions": 1, "throughput_bytes_per_second": 2335.4392014847217}
