{"bytes_transferred": 16320, "datagrams_received": 131, "datagrams_sent": 134, "duration_seconds": 6.7466005200003565, "retransmissions": 65, "throughput_bytes_per_second": 2418.9960486943337}
