{
  "capture_pcap": true,
  "hash_match": true,
  "input_bytes": 16320,
  "input_sha256": "f15595903895536b73d669d601a0c865629d93597d94feea8fc03f8c07ebdf7d",
  "mode": "saw",
  "output_sha256": "f15595903895536b73d669d601a0c865629d93597d94feea8fc03f8c07ebdf7d",
  "receiver": {
    "bytes_transferred": 16320,
    "datagrams_received": 133,
    "datagrams_sent": 131,
    "duration_seconds": 6.987978959000429,
    "retransmissions": 1,
    "throughput_bytes_per_second": 2335.4392014847217
  },
  "scenario": "L2",
  "scenario_kind": "latency",
  "scenario_value": 100,
  "sender": {
    "bytes_transferred": 16320,
    "datagrams_received": 131,
    "datagrams_sent": 134,
    "duration_seconds": 6.7466005200003565,
    "retransmissions": 65,
    "throughput_bytes_per_second": 2418.9960486943337
  },
  "window": 1
}
