{"bytes_transferred": 16320, "datagrams_received": 133, "datagrams_sent": 131, "duration_seconds": 2.1912076429998706, "retransmissions": 1, "throughput_bytes_per_second": 7447.947734271828}
