{"bytes_transferred": 16320, "datagrams_received": 131, "datagrams_sent": 134, "duration_seconds": 1.917777090000527, "retransmissions": 65, "throughput_bytes_per_second": 8509.852414597108}
