{"bytes_transferred": 16320, "datagrams_received": 136, "datagrams_sent": 134, "duration_seconds": 10.35004815100001, "retransmissions": 2, "throughput_bytes_per_second": 1576.8042584829116}
