{"bytes_transferred": 16320, "datagrams_received": 134, "datagrams_sent": 137, "duration_seconds": 10.107744644000377, "retransmissions": 67, "throughput_bytes_per_second": 1614.603511940422}
