{
  "capture_pcap": true,
  "hash_match": true,
  "input_bytes": 16320,
  "input_sha256": "f15595903895536b73d669d601a0c865629d93597d94feea8fc03f8c07ebdf7d",
  "mode": "saw",
  "output_sha256": "f15595903895536b73d669d601a0c865629d93597d94feea8fc03f8c07ebdf7d",
  "receiver": {
    "bytes_transferred": 16320,
    "datagrams_received": 136,
    "datagrams_sent": 134,
    "duration_seconds": 10.35004815100001,
    "retransmissions": 2,
    "throughput_bytes_per_second": 1576.8042584829116
  },
  "scenario": "L3",
  "scenario_kind": "latency",
  "scenario_value": 150,
  "sender": {
    "bytes_transferred": 16320,
    "datagrams_received": 134,
    "datagrams_sent": 137,
    "duration_seconds": 10.107744644000377,
    "retransmissions": 67,
    "throughput_bytes_per_second": 1614.603511940422
  },
  "window": 1
}
