{"bytes_transferred": 16320, "datagrams_received": 67, "datagrams_sent": 68, "duration_seconds": 0.007844086000659445, "retransmissions": 0, "throughput_bytes_per_second": 2080548.3262967786}
