{"bytes_transferred": 16320, "datagrams_received": 67, "datagrams_sent": 68, "duration_seconds": 0.00786845499987976, "retransmissions": 0, "throughput_bytes_per_second": 2074104.7639275298}
