{
  "capture_pcap": true,
  "hash_match": true,
  "input_bytes": 16320,
  "input_sha256": "f15595903895536b73d669d601a0c865629d93597d94feea8fc03f8c07ebdf7d",
  "mode": "gbn",
  "output_sha256": "f15595903895536b73d669d601a0c865629d93597d94feea8fc03f8c07ebdf7d",
  "receiver": {
    "bytes_transferred": 16320,
    "datagrams_received": 68,
    "datagrams_sent": 67,
    "duration_seconds": 0.24713151899959485,
    "retransmissions": 0,
    "throughput_bytes_per_second": 66037.71168511595
  },
  "scenario": "L0",
  "scenario_kind": "latency",
  "scenario_value": 0,
  "sender": {
    "bytes_transferred": 16320,
    "datagrams_received": 67,
    "datagrams_sent": 68,
    "duration_seconds": 0.004401766999762913,
    "retransmissions": 0,
    "throughput_bytes_per_second": 3707601.97004499
  },
  "window": 16
}
