{"bytes_transferred": 16320, "datagrams_received": 67, "datagrams_sent": 68, "duration_seconds": 0.007785099000102491, "retransmissions": 0, "throughput_bytes_per_second": 2096312.455343875}
