{"bytes_transferred": 16320, "datagrams_received": 1063, "datagrams_sent": 1060, "duration_seconds": 0.4364461590002975, "retransmissions": 0, "throughput_bytes_per_second": 37392.92845967944}
