{"bytes_transferred": 16320, "datagrams_received": 1251, "datagrams_sent": 1249, "duration_seconds": 0.4481095950004601, "retransmissions": 0, "throughput_bytes_per_second": 36419.66202482954}
