{"bytes_transferred": 16320, "datagrams_received": 1060, "datagrams_sent": 2251, "duration_seconds": 0.19522359099937603, "retransmissions": 2181, "throughput_bytes_per_second": 83596.4542832949}
