{"bytes_transferred": 16320, "datagrams_received": 1249, "datagrams_sent": 2046, "duration_seconds": 0.18830370500018034, "retransmissions": 1977, "throughput_bytes_per_second": 86668.50182254444}
