{
  "capture_pcap": true,
  "hash_match": true,
  "input_bytes": 16320,
  "input_sha256": "f15595903895536b73d669d601a0c865629d93597d94feea8fc03f8c07ebdf7d",
  "mode": "gbn",
  "output_sha256": "f15595903895536b73d669d601a0c865629d93597d94feea8fc03f8c07ebdf7d",
  "receiver": {
    "bytes_transferred": 16320,
    "datagrams_received": 1063,
    "datagrams_sent": 1060,
    "duration_seconds": 0.4364461590002975,
    "retransmissions": 0,
    "throughput_bytes_per_second": 37392.92845967944
  },
  "scenario": "R2",
  "scenario_kind": "reorder",
  "scenario_value": 25,
  "sender": {
    "bytes_transferred": 16320,
    "datagrams_received": 1060,
    "datagrams_sent": 2251,
    "duration_seconds": 0.19522359099937603,
    "retransmissions": 2181,
    "throughput_bytes_per_second": 83596.4542832949
  },
  "window": 16
}
