{
  "capture_pcap": true,
  "hash_match": true,
  "input_bytes": 16320,
  "input_sha256": "f15595903895536b73d669d601a0c865629d93597d94feea8fc03f8c07ebdf7d",
  "mode": "gbn",
  "output_sha256": "f15595903895536b73d669d601a0c865629d93597d94feea8fc03f8c07ebdf7d",
  "receiver": {
    "bytes_transferred": 16320,
    "datagrams_received": 1251,
    "datagrams_sent": 1249,
    "duration_seconds": 0.4481095950004601,
    "retransmissions": 0,
    "throughput_bytes_per_second": 36419.66202482954
  },
  "scenario": "R2",
  "scenario_kind": "reorder",
  "scenario_value": 25,
  "sender": {
    "bytes_transferred": 16320,
    "datagrams_received": 1249,
    "datagrams_sent": 2046,
    "duration_seconds": 0.18830370500018034,
    "retransmissions": 1977,
    "throughput_bytes_per_second": 86668.50182254444
  },
  "window": 16
}
