{"bytes_transferred": 16320, "datagrams_received": 136, "datagrams_sent": 134, "duration_seconds": 1.3392303880000327, "retransmissions": 2, "throughput_bytes_per_second": 12186.103411506223}
