{"bytes_transferred": 16320, "datagrams_received": 135, "datagrams_sent": 133, "duration_seconds": 1.3337056089994803, "retransmissions": 1, "throughput_bytes_per_second": 12236.583463304876}
