{"bytes_transferred": 16320, "datagrams_received": 134, "datagrams_sent": 137, "duration_seconds": 1.0582827459993496, "retransmissions": 67, "throughput_bytes_per_second": 15421.209560200115}
