{"bytes_transferred": 16320, "datagrams_received": 133, "datagrams_sent": 136, "duration_seconds": 1.058084547999897, "retransmissions": 67, "throughput_bytes_per_second": 15424.098226223778}
