{"bytes_transferred": 16320, "datagrams_received": 68, "datagrams_sent": 67, "duration_seconds": 0.35634310099976574, "retransmissions": 0, "throughput_bytes_per_second": 45798.557497569534}
