{
  "capture_pcap": true,
  "hash_match": true,
  "input_bytes": 16320,
  "input_sha256": "f15595903895536b73d669d601a0c865629d93597d94feea8fc03f8c07ebdf7d",
  "mode": "gbn",
  "output_sha256": "f15595903895536b73d669d601a0c865629d93597d94feea8fc03f8c07ebdf7d",
  "receiver": {
    "bytes_transferred": 16320,
    "datagrams_received": 68,
    "datagrams_sent": 67,
    "duration_seconds": 0.21448669700021128,
    "retransmissions": 0,
    "throughput_bytes_per_second": 76088.63499811331
  },
  "scenario": "P1",
  "scenario_kind": "loss",
  "scenario_value": 1,
  "sender": {
    "bytes_transferred": 16320,
    "datagrams_received": 67,
    "datagrams_sent": 68,
    "duration_seconds": 0.005438141999547952,
    "retransmissions": 0,
    "throughput_bytes_per_second": 3001024.982679122
  },
  "window": 4
}
