{
  "capture_pcap": true,
  "hash_match": true,
  "input_bytes": 16320,
  "input_sha256": "f15595903895536b73d669d601a0c865629d93597d94feea8fc03f8c07ebdf7d",
  "mode": "saw",
  "output_sha256": "f15595903895536b73d669d601a0c865629d93597d94feea8fc03f8c07ebdf7d",
  "receiver": {
    "bytes_transferred": 16320,
    "datagrams_received": 68,
    "datagrams_sent": 67,
    "duration_seconds": 0.784895544000392,
    "retransmissions": 0,
    "throughput_bytes_per_second": 20792.575680607828
  },
  "scenario": "P3",
  "scenario_kind": "loss",
  "scenario_value": 10,
  "sender": {
    "bytes_transferred": 16320,
    "datagrams_received": 67,
    "datagrams_sent": 73,
    "duration_seconds": 0.530025107000256,
    "retransmissions": 5,
    "throughput_bytes_per_second": 30790.99420849156
  },
  "window": 1
}
