{
  "capture_pcap": true,
  "hash_match": true,
  "input_bytes": 16320,
  "input_sha256": "f15595903895536b73d669d601a0c865629d93597d94feea8fc03f8c07ebdf7d",
  "mode": "sr",
  "output_sha256": "f15595903895536b73d669d601a0c865629d93597d94feea8fc03f8c07ebdf7d",
  "receiver": {
    "bytes_transferred": 16320,
    "datagrams_received": 68,
    "datagrams_sent": 67,
    "duration_seconds": 0.6191921240006195,
    "retransmissions": 0,
    "throughput_bytes_per_second": 26356.92439780399
  },
  "scenario": "R1",
  "scenario_kind": "reorder",
  "scenario_value": 10,
  "sender": {
    "bytes_transferred": 16320,
    "datagrams_received": 67,
    "datagrams_sent": 68,
    "duration_seconds": 0.39604517400039185,
    "retransmissions": 0,
    "throughput_bytes_per_second": 41207.4204443755
  },
  "window": 4
}
