{
  "capture_pcap": true,
  "hash_match": true,
  "input_bytes": 16320,
  "input_sha256": "f15595903895536b73d669d601a0c865629d93597d94feea8fc03f8c07ebdf7d",
  "mode": "sr",
  "output_sha256": "f15595903895536b73d669d601a0c865629d93597d94feea8fc03f8c07ebdf7d",
  "receiver": {
    "bytes_transferred": 16320,
    "datagrams_received": 68,
    "datagrams_sent": 67,
    "duration_seconds": 0.6231204629993954,
    "retransmissions": 0,
    "throughput_bytes_per_second": 26190.762411241558
  },
  "scenario": "R1",
  "scenario_kind": "reorder",
  "scenario_value": 10,
  "sender": {
    "bytes_transferred": 16320,
    "datagrams_received": 67,
    "datagrams_sent": 68,
    "duration_seconds": 0.39837214700037293,
    "retransmissions": 0,
    "throughput_bytes_per_second": 40966.71949302902
  },
  "window": 4
}
