{"bytes_transferred": 16320, "datagrams_received": 67, "datagrams_sent": 68, "duration_seconds": 0.006146485000499524, "retransmissions": 0, "throughput_bytes_per_second": 2655176.0882315137}
