{"bytes_transferred": 16320, "datagrams_received": 67, "datagrams_sent": 68, "duration_seconds": 0.005047184000432026, "retransmissions": 0, "throughput_bytes_per_second": 3233486.236801165}
