{"bytes_transferred": 16320, "datagrams_received": 67, "datagrams_sent": 68, "duration_seconds": 0.004587806999552413, "retransmissions": 0, "throughput_bytes_per_second": 3557255.133355039}
