{
  "capture_pcap": true,
  "hash_match": true,
  "input_bytes": 16320,
  "input_sha256": "f15595903895536b73d669d601a0c865629d93597d94feea8fc03f8c07ebdf7d",
  "mode": "gbn",
  "output_sha256": "f15595903895536b73d669d601a0c865629d93597d94feea8fc03f8c07ebdf7d",
  "receiver": {
    "bytes_transferred": 16320,
    "datagrams_received": 68,
    "datagrams_sent": 67,
    "duration_seconds": 0.6396453990000737,
    "retransmissions": 0,
    "throughput_bytes_per_second": 25514.13646609865
  },
  "scenario": "R0",
  "scenario_kind": "reorder",
  "scenario_value": 0,
  "sender": {
    "bytes_transferred": 16320,
    "datagrams_received": 67,
    "datagrams_sent": 68,
    "duration_seconds": 0.3898084630000085,
    "retransmissions": 0,
    "throughput_bytes_per_second": 41866.715448914314
  },
  "window": 4
}
