{"bytes_transferred": 16320, "datagrams_received": 153, "datagrams_sent": 152, "duration_seconds": 0.7053524650000327, "retransmissions": 0, "throughput_bytes_per_second": 23137.368634558105}
