{"bytes_transferred": 16320, "datagrams_received": 139, "datagrams_sent": 138, "duration_seconds": 0.5707851189999928, "retransmissions": 0, "throughput_bytes_per_second": 28592.196006427777}
