{"bytes_transferred": 16320, "datagrams_received": 138, "datagrams_sent": 185, "duration_seconds": 0.31292357799975434, "retransmissions": 117, "throughput_bytes_per_second": 52153.308818464335}
