{"bytes_transferred": 16320, "datagrams_received": 152, "datagrams_sent": 208, "duration_seconds": 0.4368225589996655, "retransmissions": 140, "throughput_bytes_per_second": 37360.707829222934}
