{
  "capture_pcap": true,
  "hash_match": true,
  "input_bytes": 16320,
  "input_sha256": "f15595903895536b73d669d601a0c865629d93597d94feea8fc03f8c07ebdf7d",
  "mode": "gbn",
  "output_sha256": "f15595903895536b73d669d601a0c865629d93597d94feea8fc03f8c07ebdf7d",
  "receiver": {
    "bytes_transferred": 16320,
    "datagrams_received": 153,
    "datagrams_sent": 152,
    "duration_seconds": 0.7053524650000327,
    "retransmissions": 0,
    "throughput_bytes_per_second": 23137.368634558105
  },
  "scenario": "P4",
  "scenario_kind": "loss",
  "scenario_value": 25,
  "sender": {
    "bytes_transferred": 16320,
    "datagrams_received": 152,
    "datagrams_sent": 208,
    "duration_seconds": 0.4368225589996655,
    "retransmissions": 140,
    "throughput_bytes_per_second": 37360.707829222934
  },
  "window": 4
}
