{
  "capture_pcap": true,
  "hash_match": true,
  "input_bytes": 16320,
  "input_sha256": "f15595903895536b73d669d601a0c865629d93597d94feea8fc03f8c07ebdf7d",
  "mode": "gbn",
  "output_sha256": "f15595903895536b73d669d601a0c865629d93597d94feea8fc03f8c07ebdf7d",
  "receiver": {
    "bytes_transferred": 16320,
    "datagrams_received": 139,
    "datagrams_sent": 138,
    "duration_seconds": 0.5707851189999928,
    "retransmissions": 0,
    "throughput_bytes_per_second": 28592.196006427777
  },
  "scenario": "P4",
  "scenario_kind": "loss",
  "scenario_value": 25,
  "sender": {
    "bytes_transferred": 16320,
    "datagrams_received": 138,
    "datagrams_sent": 185,
    "duration_seconds": 0.31292357799975434,
    "retransmissions": 117,
    "throughput_bytes_per_second": 52153.308818464335
  },
  "window": 4
}
