{"bytes_transferred": 16320, "datagrams_received": 108, "datagrams_sent": 94, "duration_seconds": 0.14845672199953697, "retransmissions": 25, "throughput_bytes_per_second": 109931.0275761774}
