{"bytes_transferred": 16320, "datagrams_received": 67, "datagrams_sent": 68, "duration_seconds": 0.14834840100047586, "retransmissions": 0, "throughput_bytes_per_second": 110011.29698693314}
