{
  "capture_pcap": true,
  "hash_match": true,
  "input_bytes": 16320,
  "input_sha256": "f15595903895536b73d669d601a0c865629d93597d94feea8fc03f8c07ebdf7d",
  "mode": "sr",
  "output_sha256": "f15595903895536b73d669d601a0c865629d93597d94feea8fc03f8c07ebdf7d",
  "receiver": {
    "bytes_transferred": 16320,
    "datagrams_received": 94,
    "datagrams_sent": 108,
    "duration_seconds": 0.359810436000771,
    "retransmissions": 0,
    "throughput_bytes_per_second": 45357.21693176523
  },
  "scenario": "R2",
  "scenario_kind": "reorder",
  "scenario_value": 25,
  "sender": {
    "bytes_transferred": 16320,
    "datagrams_received": 108,
    "datagrams_sent": 94,
    "duration_seconds": 0.14845672199953697,
    "retransmissions": 25,
    "throughput_bytes_per_second": 109931.0275761774
  },
  "window": 16
}
