{"bytes_transferred": 16320, "datagrams_received": 583, "datagrams_sent": 582, "duration_seconds": 0.31941290899976593, "retransmissions": 0, "throughput_bytes_per_second": 51093.73960841376}
