{"bytes_transferred": 16320, "datagrams_received": 643, "datagrams_sent": 642, "duration_seconds": 0.3145092349996048, "retransmissions": 0, "throughput_bytes_per_second": 51890.36817955602}
