{"bytes_transferred": 16320, "datagrams_received": 582, "datagrams_sent": 817, "duration_seconds": 0.053305178999835334, "retransmissions": 749, "throughput_bytes_per_second": 306161.62080705917}
