{"bytes_transferred": 16320, "datagrams_received": 642, "datagrams_sent": 768, "duration_seconds": 0.06447168099930423, "retransmissions": 700, "throughput_bytes_per_second": 253134.39555230652}
