{
  "capture_pcap": true,
  "hash_match": true,
  "input_bytes": 16320,
  "input_sha256": "f15595903895536b73d669d601a0c865629d93597d94feea8fc03f8c07ebdf7d",
  "mode": "gbn",
  "output_sha256": "f15595903895536b73d669d601a0c865629d93597d94feea8fc03f8c07ebdf7d",
  "receiver": {
    "bytes_transferred": 16320,
    "datagrams_received": 583,
    "datagrams_sent": 582,
    "duration_seconds": 0.31941290899976593,
    "retransmissions": 0,
    "throughput_bytes_per_second": 51093.73960841376
  },
  "scenario": "P2",
  "scenario_kind": "loss",
  "scenario_value": 5,
  "sender": {
    "bytes_transferred": 16320,
    "datagrams_received": 582,
    "datagrams_sent": 817,
    "duration_seconds": 0.053305178999835334,
    "retransmissions": 749,
    "throughput_bytes_per_second": 306161.62080705917
  },
  "window": 16
}
