{"bytes_transferred": 16320, "datagrams_received": 67, "datagrams_sent": 68, "duration_seconds": 0.0077064010001777206, "retransmissions": 0, "throughput_bytes_per_second": 2117720.0614948063}
