{"bytes_transferred": 16320, "datagrams_received": 135, "datagrams_sent": 133, "duration_seconds": 10.351951557000575, "retransmissions": 1, "throughput_bytes_per_second": 1576.5143326007446}
