{"bytes_transferred": 16320, "datagrams_received": 133, "datagrams_sent": 136, "duration_seconds": 10.105884655000409, "retransmissions": 67, "throughput_bytes_per_second": 1614.9006798652542}
