{"bytes_transferred": 16320, "datagrams_received": 334, "datagrams_sent": 333, "duration_seconds": 0.30524982000042655, "retransmissions": 0, "throughput_bytes_per_second": 53464.40499122062}
