{"bytes_transferred": 16320, "datagrams_received": 333, "datagrams_sent": 364, "duration_seconds": 0.03381133000038972, "retransmissions": 296, "throughput_bytes_per_second": 482678.43944062217}
