{
  "capture_pcap": true,
  "hash_match": true,
  "input_bytes": 16320,
  "input_sha256": "f15595903895536b73d669d601a0c865629d93597d94feea8fc03f8c07ebdf7d",
  "mode": "gbn",
  "output_sha256": "f15595903895536b73d669d601a0c865629d93597d94feea8fc03f8c07ebdf7d",
  "receiver": {
    "bytes_transferred": 16320,
    "datagrams_received": 334,
    "datagrams_sent": 333,
    "duration_seconds": 0.30524982000042655,
    "retransmissions": 0,
    "throughput_bytes_per_second": 53464.40499122062
  },
  "scenario": "P1",
  "scenario_kind": "loss",
  "scenario_value": 1,
  "sender": {
    "bytes_transferred": 16320,
    "datagrams_received": 333,
    "datagrams_sent": 364,
    "duration_seconds": 0.03381133000038972,
    "retransmissions": 296,
    "throughput_bytes_per_second": 482678.43944062217
  },
  "window": 16
}
