{"bytes_transferred": 16320, "datagrams_received": 124, "datagrams_sent": 149, "duration_seconds": 0.2158148340004118, "retransmissions": 77, "throughput_bytes_per_second": 75620.38112713263}
