{"bytes_transferred": 16320, "datagrams_received": 95, "datagrams_sent": 106, "duration_seconds": 0.007789735999722325, "retransmissions": 38, "throughput_bytes_per_second": 2095064.5824944193}
