{"bytes_transferred": 16320, "datagrams_received": 67, "datagrams_sent": 68, "duration_seconds": 0.005675219999830006, "retransmissions": 0, "throughput_bytes_per_second": 2875659.445887357}
