{"bytes_transferred": 16320, "datagrams_received": 67, "datagrams_sent": 68, "duration_seconds": 0.004614805000528577, "retransmissions": 0, "throughput_bytes_per_second": 3536444.118035479}
