{"bytes_transferred": 16320, "datagrams_received": 132, "datagrams_sent": 135, "duration_seconds": 6.744180677000259, "retransmissions": 66, "throughput_bytes_per_second": 2419.8639955860385}
