{
  "capture_pcap": true,
  "hash_match": true,
  "input_bytes": 16320,
  "input_sha256": "f15595903895536b73d669d601a0c865629d93597d94feea8fc03f8c07ebdf7d",
  "mode": "saw",
  "output_sha256": "f15595903895536b73d669d601a0c865629d93597d94feea8fc03f8c07ebdf7d",
  "receiver": {
    "bytes_transferred": 16320,
    "datagrams_received": 134,
    "datagrams_sent": 132,
    "duration_seconds": 7.003430501999901,
    "retransmissions": 1,
    "throughput_bytes_per_second": 2330.286563897458
  },
  "scenario": "L2",
  "scenario_kind": "latency",
  "scenario_value": 100,
  "sender": {
    "bytes_transferred": 16320,
    "datagrams_received": 132,
    "datagrams_sent": 135,
    "duration_seconds": 6.744180677000259,
    "retransmissions": 66,
    "throughput_bytes_per_second": 2419.8639955860385
  },
  "window": 1
}
