{"bytes_transferred": 16320, "datagrams_received": 67, "datagrams_sent": 68, "duration_seconds": 0.35729211600028066, "retransmissions": 0, "throughput_bytes_per_second": 45676.910486284505}
