{
  "capture_pcap": true,
  "hash_match": true,
  "input_bytes": 16320,
  "input_sha256": "f15595903895536b73d669d601a0c865629d93597d94feea8fc03f8c07ebdf7d",
  "mode": "sr",
  "output_sha256": "f15595903895536b73d669d601a0c865629d93597d94feea8fc03f8c07ebdf7d",
  "receiver": {
    "bytes_transferred": 16320,
    "datagrams_received": 68,
    "datagrams_sent": 67,
    "duration_seconds": 0.6308060569999725,
    "retransmissions": 0,
    "throughput_bytes_per_second": 25871.660265305145
  },
  "scenario": "L1",
  "scenario_kind": "latency",
  "scenario_value": 50,
  "sender": {
    "bytes_transferred": 16320,
    "datagrams_received": 67,
    "datagrams_sent": 68,
    "duration_seconds": 0.35729211600028066,
    "retransmissions": 0,
    "throughput_bytes_per_second": 45676.910486284505
  },
  "window": 16
}
