{"bytes_transferred": 16320, "datagrams_received": 67, "datagrams_sent": 69, "duration_seconds": 0.11688133699954051, "retransmissions": 1, "throughput_bytes_per_second": 139628.79291895984}
