{
  "capture_pcap": true,
  "hash_match": true,
  "input_bytes": 16320,
  "input_sha256": "f15595903895536b73d669d601a0c865629d93597d94feea8fc03f8c07ebdf7d",
  "mode": "sr",
  "output_sha256": "f15595903895536b73d669d601a0c865629d93597d94feea8fc03f8c07ebdf7d",
  "receiver": {
    "bytes_transferred": 16320,
    "datagrams_received": 73,
    "datagrams_sent": 77,
    "duration_seconds": 0.6305508929999633,
    "retransmissions": 0,
    "throughput_bytes_per_second": 25882.12970780925
  },
  "scenario": "R2",
  "scenario_kind": "reorder",
  "scenario_value": 25,
  "sender": {
    "bytes_transferred": 16320,
    "datagrams_received": 77,
    "datagrams_sent": 73,
    "duration_seconds": 0.3738569400002234,
    "retransmissions": 5,
    "throughput_bytes_per_second": 43653.061515964495
  },
  "window": 4
}
