{
  "capture_pcap": true,
  "hash_match": true,
  "input_bytes": 16320,
  "input_sha256": "f15595903895536b73d669d601a0c865629d93597d94feea8fc03f8c07ebdf7d",
  "mode": "sr",
  "output_sha256": "f15595903895536b73d669d601a0c865629d93597d94feea8fc03f8c07ebdf7d",
  "receiver": {
    "bytes_transferred": 16320,
    "datagrams_received": 76,
    "datagrams_sent": 79,
    "duration_seconds": 0.6715754850001758,
    "retransmissions": 0,
    "throughput_bytes_per_second": 24301.065724571123
  },
  "scenario": "R2",
  "scenario_kind": "reorder",
  "scenario_value": 25,
  "sender": {
    "bytes_transferred": 16320,
    "datagrams_received": 79,
    "datagrams_sent": 76,
    "duration_seconds": 0.4184518649999518,
    "retransmissions": 6,
    "throughput_bytes_per_second": 39000.90157323562
  },
  "window": 4
}
