{"bytes_transferred": 16320, "datagrams_received": 127, "datagrams_sent": 125, "duration_seconds": 3.1111875300002794, "retransmissions": 1, "throughput_bytes_per_second": 5245.585437274665}
