{"bytes_transferred": 16320, "datagrams_received": 125, "datagrams_sent": 128, "duration_seconds": 2.8645627339992643, "retransmissions": 59, "throughput_bytes_per_second": 5697.204605191304}
