{
  "capture_pcap": true,
  "hash_match": true,
  "input_bytes": 16320,
  "input_sha256": "f15595903895536b73d669d601a0c865629d93597d94feea8fc03f8c07ebdf7d",
  "mode": "gbn",
  "output_sha256": "f15595903895536b73d669d601a0c865629d93597d94feea8fc03f8c07ebdf7d",
  "receiver": {
    "bytes_transferred": 16320,
    "datagrams_received": 127,
    "datagrams_sent": 125,
    "duration_seconds": 3.122100620999845,
    "retransmissions": 1,
    "throughput_bytes_per_second": 5227.249849101135
  },
  "scenario": "L3",
  "scenario_kind": "latency",
  "scenario_value": 150,
  "sender": {
    "bytes_transferred": 16320,
    "datagrams_received": 125,
    "datagrams_sent": 128,
    "duration_seconds": 2.8645627339992643,
    "retransmissions": 59,
    "throughput_bytes_per_second": 5697.204605191304
  },
  "window": 4
}
