{"bytes_transferred": 16320, "datagrams_received": 102, "datagrams_sent": 100, "duration_seconds": 0.9528934259997186, "retransmissions": 1, "throughput_bytes_per_second": 17126.784123710408}
