{"bytes_transferred": 16320, "datagrams_received": 100, "datagrams_sent": 103, "duration_seconds": 0.7086509520004256, "retransmissions": 34, "throughput_bytes_per_second": 23029.67342939546}
