{
  "capture_pcap": true,
  "hash_match": true,
  "input_bytes": 16320,
  "input_sha256": "f15595903895536b73d669d601a0c865629d93597d94feea8fc03f8c07ebdf7d",
  "mode": "gbn",
  "output_sha256": "f15595903895536b73d669d601a0c865629d93597d94feea8fc03f8c07ebdf7d",
  "receiver": {
    "bytes_transferred": 16320,
    "datagrams_received": 102,
    "datagrams_sent": 100,
    "duration_seconds": 0.9528934259997186,
    "retransmissions": 1,
    "throughput_bytes_per_second": 17126.784123710408
  },
  "scenario": "L2",
  "scenario_kind": "latency",
  "scenario_value": 100,
  "sender": {
    "bytes_transferred": 16320,
    "datagrams_received": 100,
    "datagrams_sent": 103,
    "duration_seconds": 0.7086509520004256,
    "retransmissions": 34,
    "throughput_bytes_per_second": 23029.67342939546
  },
  "window": 16
}
