{"bytes_transferred": 16320, "datagrams_received": 67, "datagrams_sent": 68, "duration_seconds": 0.01086460500027897, "retransmissions": 0, "throughput_bytes_per_second": 1502125.4799029464}
