{
  "capture_pcap": true,
  "hash_match": true,
  "input_bytes": 16320,
  "input_sha256": "f15595903895536b73d669d601a0c865629d93597d94feea8fc03f8c07ebdf7d",
  "mode": "saw",
  "output_sha256": "f15595903895536b73d669d601a0c865629d93597d94feea8fc03f8c07ebdf7d",
  "receiver": {
    "bytes_transferred": 16320,
    "datagrams_received": 68,
    "datagrams_sent": 67,
    "duration_seconds": 0.27525917300044966,
    "retransmissions": 0,
    "throughput_bytes_per_second": 59289.57724498191
  },
  "scenario": "L0",
  "scenario_kind": "latency",
  "scenario_value": 0,
  "sender": {
    "bytes_transferred": 16320,
    "datagrams_received": 67,
    "datagrams_sent": 68,
    "duration_seconds": 0.01086460500027897,
    "retransmissions": 0,
    "throughput_bytes_per_second": 1502125.4799029464
  },
  "window": 1
}
