{
  "capture_pcap": true,
  "hash_match": true,
  "input_bytes": 16320,
  "input_sha256": "f15595903895536b73d669d601a0c865629d93597d94feea8fc03f8c07ebdf7d",
  "mode": "gbn",
  "output_sha256": "f15595903895536b73d669d601a0c865629d93597d94feea8fc03f8c07ebdf7d",
  "receiver": {
    "bytes_transferred": 16320,
    "datagrams_received": 91,
    "datagrams_sent": 89,
    "duration_seconds": 2.19977019199996,
    "retransmissions": 1,
    "throughput_bytes_per_second": 7418.956788919111
  },
  "scenario": "L2",
  "scenario_kind": "latency",
  "scenario_value": 100,
  "sender": {
    "bytes_transferred": 16320,
    "datagrams_received": 89,
    "datagrams_sent": 92,
    "duration_seconds": 1.9166591779994633,
    "retransmissions": 23,
    "throughput_bytes_per_second": 8514.815877194296
  },
  "window": 4
}
