{"bytes_transferred": 16320, "datagrams_received": 104, "datagrams_sent": 151, "duration_seconds": 0.2680851539998912, "retransmissions": 0, "throughput_bytes_per_second": 60876.17966344613}
