{"bytes_transferred": 16320, "datagrams_received": 132, "datagrams_sent": 106, "duration_seconds": 0.020513356999799726, "retransmissions": 38, "throughput_bytes_per_second": 795579.1926284584}
