{
  "capture_pcap": true,
  "hash_match": true,
  "input_bytes": 16320,
  "input_sha256": "f15595903895536b73d669d601a0c865629d93597d94feea8fc03f8c07ebdf7d",
  "mode": "sr",
  "output_sha256": "f15595903895536b73d669d601a0c865629d93597d94feea8fc03f8c07ebdf7d",
  "receiver": {
    "bytes_transferred": 16320,
    "datagrams_received": 68,
    "datagrams_sent": 67,
    "duration_seconds": 1.253337604999615,
    "retransmissions": 0,
    "throughput_bytes_per_second": 13021.232216203241
  },
  "scenario": "L1",
  "scenario_kind": "latency",
  "scenario_value": 50,
  "sender": {
    "bytes_transferred": 16320,
    "datagrams_received": 67,
    "datagrams_sent": 68,
    "duration_seconds": 0.9663458909999463,
    "retransmissions": 0,
    "throughput_bytes_per_second": 16888.362802590844
  },
  "window": 4
}
