{"bytes_transferred": 16320, "datagrams_received": 943, "datagrams_sent": 934, "duration_seconds": 0.5704001869999047, "retransmissions": 0, "throughput_bytes_per_second": 28611.49132127253}
