{"bytes_transferred": 16320, "datagrams_received": 755, "datagrams_sent": 754, "duration_seconds": 0.35045241599982546, "retransmissions": 0, "throughput_bytes_per_second": 46568.37634701348}
