{"bytes_transferred": 16320, "datagrams_received": 754, "datagrams_sent": 1506, "duration_seconds": 0.08765231500001391, "retransmissions": 1438, "throughput_bytes_per_second": 186190.17649445322}
