{"bytes_transferred": 16320, "datagrams_received": 894, "datagrams_sent": 2118, "duration_seconds": 0.30310553400067874, "retransmissions": 2040, "throughput_bytes_per_second": 53842.63290937953}
