{
  "capture_pcap": true,
  "hash_match": true,
  "input_bytes": 16320,
  "input_sha256": "f15595903895536b73d669d601a0c865629d93597d94feea8fc03f8c07ebdf7d",
  "mode": "gbn",
  "output_sha256": "f15595903895536b73d669d601a0c865629d93597d94feea8fc03f8c07ebdf7d",
  "receiver": {
    "bytes_transferred": 16320,
    "datagrams_received": 943,
    "datagrams_sent": 934,
    "duration_seconds": 0.5704001869999047,
    "retransmissions": 0,
    "throughput_bytes_per_second": 28611.49132127253
  },
  "scenario": "P4",
  "scenario_kind": "loss",
  "scenario_value": 25,
  "sender": {
    "bytes_transferred": 16320,
    "datagrams_received": 894,
    "datagrams_sent": 2118,
    "duration_seconds": 0.30310553400067874,
    "retransmissions": 2040,
    "throughput_bytes_per_second": 53842.63290937953
  },
  "window": 16
}
