{
  "capture_pcap": true,
  "hash_match": true,
  "input_bytes": 16320,
  "input_sha256": "f15595903895536b73d669d601a0c865629d93597d94feea8fc03f8c07ebdf7d",
  "mode": "saw",
  "output_sha256": "f15595903895536b73d669d601a0c865629d93597d94feea8fc03f8c07ebdf7d",
  "receiver": {
    "bytes_transferred": 16320,
    "datagrams_received": 68,
    "datagrams_sent": 67,
    "duration_seconds": 0.6807284059996164,
    "retransmissions": 0,
    "throughput_bytes_per_second": 23974.31906199783
  },
  "scenario": "P2",
  "scenario_kind": "loss",
  "scenario_value": 5,
  "sender": {
    "bytes_transferred": 16320,
    "datagrams_received": 67,
    "datagrams_sent": 72,
    "duration_seconds": 0.4208039869999993,
    "retransmissions": 4,
    "throughput_bytes_per_second": 38782.90250134922
  },
  "window": 1
}
