{"bytes_transferred": 16320, "datagrams_received": 109, "datagrams_sent": 144, "duration_seconds": 1.0192520770006013, "retransmissions": 0, "throughput_bytes_per_second": 16011.74073446639}
