{"bytes_transferred": 16320, "datagrams_received": 101, "datagrams_sent": 151, "duration_seconds": 0.6931929850006782, "retransmissions": 0, "throughput_bytes_per_second": 23543.22728754105}
