{"bytes_transferred": 16320, "datagrams_received": 151, "datagrams_sent": 127, "duration_seconds": 0.4171625529997982, "retransmissions": 59, "throughput_bytes_per_second": 39121.44050956533}
