{"bytes_transferred": 16320, "datagrams_received": 144, "datagrams_sent": 155, "duration_seconds": 0.7147189959996467, "retransmissions": 77, "throughput_bytes_per_second": 22834.148933139684}
