{
  "capture_pcap": true,
  "hash_match": true,
  "input_bytes": 16320,
  "input_sha256": "f15595903895536b73d669d601a0c865629d93597d94feea8fc03f8c07ebdf7d",
  "mode": "sr",
  "output_sha256": "f15595903895536b73d669d601a0c865629d93597d94feea8fc03f8c07ebdf7d",
  "receiver": {
    "bytes_transferred": 16320,
    "datagrams_received": 109,
    "datagrams_sent": 144,
    "duration_seconds": 1.0192520770006013,
    "retransmissions": 0,
    "throughput_bytes_per_second": 16011.74073446639
  },
  "scenario": "P4",
  "scenario_kind": "loss",
  "scenario_value": 25,
  "sender": {
    "bytes_transferred": 16320,
    "datagrams_received": 144,
    "datagrams_sent": 155,
    "duration_seconds": 0.7147189959996467,
    "retransmissions": 77,
    "throughput_bytes_per_second": 22834.148933139684
  },
  "window": 16
}
