{"bytes_transferred": 16320, "datagrams_received": 78, "datagrams_sent": 80, "duration_seconds": 0.005670781999469909, "retransmissions": 12, "throughput_bytes_per_second": 2877909.96048262}
