{
  "capture_pcap": true,
  "hash_match": true,
  "input_bytes": 16320,
  "input_sha256": "f15595903895536b73d669d601a0c865629d93597d94feea8fc03f8c07ebdf7d",
  "mode": "gbn",
  "output_sha256": "f15595903895536b73d669d601a0c865629d93597d94feea8fc03f8c07ebdf7d",
  "receiver": {
    "bytes_transferred": 16320,
    "datagrams_received": 99,
    "datagrams_sent": 98,
    "duration_seconds": 0.21260011899994424,
    "retransmissions": 0,
    "throughput_bytes_per_second": 76763.8328556358
  },
  "scenario": "P2",
  "scenario_kind": "loss",
  "scenario_value": 5,
  "sender": {
    "bytes_transferred": 16320,
    "datagrams_received": 98,
    "datagrams_sent": 104,
    "duration_seconds": 0.007307824000235996,
    "retransmissions": 36,
    "throughput_bytes_per_second": 2233222.912794967
  },
  "window": 4
}
