{
  "capture_pcap": true,
  "hash_match": true,
  "input_bytes": 16320,
  "input_sha256": "f15595903895536b73d669d601a0c865629d93597d94feea8fc03f8c07ebdf7d",
  "mode": "gbn",
  "output_sha256": "f15595903895536b73d669d601a0c865629d93597d94feea8fc03f8c07ebdf7d",
  "receiver": {
    "bytes_transferred": 16320,
    "datagrams_received": 79,
    "datagrams_sent": 78,
    "duration_seconds": 0.2552881809997416,
    "retransmissions": 0,
    "throughput_bytes_per_second": 63927.753866586245
  },
  "scenario": "P2",
  "scenario_kind": "loss",
  "scenario_value": 5,
  "sender": {
    "bytes_transferred": 16320,
    "datagrams_received": 78,
    "datagrams_sent": 80,
    "duration_seconds": 0.005670781999469909,
    "retransmissions": 12,
    "throughput_bytes_per_second": 2877909.96048262
  },
  "window": 4
}
