{"bytes_transferred": 16320, "datagrams_received": 94, "datagrams_sent": 125, "duration_seconds": 0.23174305299926345, "retransmissions": 0, "throughput_bytes_per_second": 70422.82298771592}
