{"bytes_transferred": 16320, "datagrams_received": 125, "datagrams_sent": 100, "duration_seconds": 0.013441890000649437, "retransmissions": 32, "throughput_bytes_per_second": 1214114.9793080816}
