{"bytes_transferred": 16320, "datagrams_received": 94, "datagrams_sent": 83, "duration_seconds": 0.013813372999720741, "retransmissions": 15, "throughput_bytes_per_second": 1181463.7887741057}
