{
  "capture_pcap": true,
  "hash_match": true,
  "input_bytes": 16320,
  "input_sha256": "f15595903895536b73d669d601a0c865629d93597d94feea8fc03f8c07ebdf7d",
  "mode": "sr",
  "output_sha256": "f15595903895536b73d669d601a0c865629d93597d94feea8fc03f8c07ebdf7d",
  "receiver": {
    "bytes_transferred": 16320,
    "datagrams_received": 94,
    "datagrams_sent": 125,
    "duration_seconds": 0.23174305299926345,
    "retransmissions": 0,
    "throughput_bytes_per_second": 70422.82298771592
  },
  "scenario": "P2",
  "scenario_kind": "loss",
  "scenario_value": 5,
  "sender": {
    "bytes_transferred": 16320,
    "datagrams_received": 125,
    "datagrams_sent": 100,
    "duration_seconds": 0.013441890000649437,
    "retransmissions": 32,
    "throughput_bytes_per_second": 1214114.9793080816
  },
  "window": 16
}
