{
  "capture_pcap": true,
  "hash_match": true,
  "input_bytes": 16320,
  "input_sha256": "f15595903895536b73d669d601a0c865629d93597d94feea8fc03f8c07ebdf7d",
  "mode": "sr",
  "output_sha256": "f15595903895536b73d669d601a0c865629d93597d94feea8fc03f8c07ebdf7d",
  "receiver": {
    "bytes_transferred": 16320,
    "datagrams_received": 80,
    "datagrams_sent": 94,
    "duration_seconds": 0.2952965029999177,
    "retransmissions": 0,
    "throughput_bytes_per_second": 55266.48583442435
  },
  "scenario": "P2",
  "scenario_kind": "loss",
  "scenario_value": 5,
  "sender": {
    "bytes_transferred": 16320,
    "datagrams_received": 94,
    "datagrams_sent": 83,
    "duration_seconds": 0.013813372999720741,
    "retransmissions": 15,
    "throughput_bytes_per_second": 1181463.7887741057
  },
  "window": 16
}
