{"bytes_transferred": 16320, "datagrams_received": 91, "datagrams_sent": 92, "duration_seconds": 0.3774625460000607, "retransmissions": 24, "throughput_bytes_per_second": 43236.077785575515}
