{
  "capture_pcap": true,
  "hash_match": true,
  "input_bytes": 16320,
  "input_sha256": "f15595903895536b73d669d601a0c865629d93597d94feea8fc03f8c07ebdf7d",
  "mode": "gbn",
  "output_sha256": "f15595903895536b73d669d601a0c865629d93597d94feea8fc03f8c07ebdf7d",
  "receiver": {
    "bytes_transferred": 16320,
    "datagrams_received": 92,
    "datagrams_sent": 91,
    "duration_seconds": 0.6306185379999079,
    "retransmissions": 0,
    "throughput_bytes_per_second": 25879.353391292763
  },
  "scenario": "R2",
  "scenario_kind": "reorder",
  "scenario_value": 25,
  "sender": {
    "bytes_transferred": 16320,
    "datagrams_received": 91,
    "datagrams_sent": 92,
    "duration_seconds": 0.3774625460000607,
    "retransmissions": 24,
    "throughput_bytes_per_second": 43236.077785575515
  },
  "window": 4
}
