{"bytes_transferred": 16320, "datagrams_received": 77, "datagrams_sent": 103, "duration_seconds": 0.38192973399964103, "retransmissions": 0, "throughput_bytes_per_second": 42730.37301676894}
