{"bytes_transferred": 16320, "datagrams_received": 80, "datagrams_sent": 102, "duration_seconds": 0.8442275460001838, "retransmissions": 0, "throughput_bytes_per_second": 19331.281095152095}
