{"bytes_transferred": 16320, "datagrams_received": 103, "datagrams_sent": 96, "duration_seconds": 0.11037690099965403, "retransmissions": 28, "throughput_bytes_per_second": 147857.02309264106}
