{
  "capture_pcap": true,
  "hash_match": true,
  "input_bytes": 16320,
  "input_sha256": "f15595903895536b73d669d601a0c865629d93597d94feea8fc03f8c07ebdf7d",
  "mode": "sr",
  "output_sha256": "f15595903895536b73d669d601a0c865629d93597d94feea8fc03f8c07ebdf7d",
  "receiver": {
    "bytes_transferred": 16320,
    "datagrams_received": 77,
    "datagrams_sent": 103,
    "duration_seconds": 0.38192973399964103,
    "retransmissions": 0,
    "throughput_bytes_per_second": 42730.37301676894
  },
  "scenario": "P4",
  "scenario_kind": "loss",
  "scenario_value": 25,
  "sender": {
    "bytes_transferred": 16320,
    "datagrams_received": 103,
    "datagrams_sent": 96,
    "duration_seconds": 0.11037690099965403,
    "retransmissions": 28,
    "throughput_bytes_per_second": 147857.02309264106
  },
  "window": 4
}
