{"bytes_transferred": 16320, "datagrams_received": 77, "datagrams_sent": 92, "duration_seconds": 0.27751775799970346, "retransmissions": 0, "throughput_bytes_per_second": 58807.047583662876}
