{"bytes_transferred": 16320, "datagrams_received": 93, "datagrams_sent": 85, "duration_seconds": 0.009056668999619433, "retransmissions": 17, "throughput_bytes_per_second": 1801987.022015023}
