{"bytes_transferred": 16320, "datagrams_received": 92, "datagrams_sent": 84, "duration_seconds": 0.008901964999495249, "retransmissions": 16, "throughput_bytes_per_second": 1833303.0966674618}
