{
  "capture_pcap": true,
  "hash_match": true,
  "input_bytes": 16320,
  "input_sha256": "f15595903895536b73d669d601a0c865629d93597d94feea8fc03f8c07ebdf7d",
  "mode": "sr",
  "output_sha256": "f15595903895536b73d669d601a0c865629d93597d94feea8fc03f8c07ebdf7d",
  "receiver": {
    "bytes_transferred": 16320,
    "datagrams_received": 77,
    "datagrams_sent": 92,
    "duration_seconds": 0.27751775799970346,
    "retransmissions": 0,
    "throughput_bytes_per_second": 58807.047583662876
  },
  "scenario": "P3",
  "scenario_kind": "loss",
  "scenario_value": 10,
  "sender": {
    "bytes_transferred": 16320,
    "datagrams_received": 92,
    "datagrams_sent": 84,
    "duration_seconds": 0.008901964999495249,
    "retransmissions": 16,
    "throughput_bytes_per_second": 1833303.0966674618
  },
  "window": 4
}
