{
  "capture_pcap": true,
  "hash_match": true,
  "input_bytes": 16320,
  "input_sha256": "f15595903895536b73d669d601a0c865629d93597d94feea8fc03f8c07ebdf7d",
  "mode": "sr",
  "output_sha256": "f15595903895536b73d669d601a0c865629d93597d94feea8fc03f8c07ebdf7d",
  "receiver": {
    "bytes_transferred": 16320,
    "datagrams_received": 77,
    "datagrams_sent": 93,
    "duration_seconds": 0.28144021299976885,
    "retransmissions": 0,
    "throughput_bytes_per_second": 57987.44900755673
  },
  "scenario": "P3",
  "scenario_kind": "loss",
  "scenario_value": 10,
  "sender": {
    "bytes_transferred": 16320,
    "datagrams_received": 93,
    "datagrams_sent": 85,
    "duration_seconds": 0.009056668999619433,
    "retransmissions": 17,
    "throughput_bytes_per_second": 1801987.022015023
  },
  "window": 4
}
