{"bytes_transferred": 16320, "datagrams_received": 89, "datagrams_sent": 83, "duration_seconds": 0.10885665800014976, "retransmissions": 15, "throughput_bytes_per_second": 149921.92760480987}
