{"bytes_transferred": 16320, "datagrams_received": 77, "datagrams_sent": 74, "duration_seconds": 0.005468138000651379, "retransmissions": 6, "throughput_bytes_per_second": 2984562.5692065414}
