{
  "capture_pcap": true,
  "hash_match": true,
  "input_bytes": 16320,
  "input_sha256": "f15595903895536b73d669d601a0c865629d93597d94feea8fc03f8c07ebdf7d",
  "mode": "sr",
  "output_sha256": "f15595903895536b73d669d601a0c865629d93597d94feea8fc03f8c07ebdf7d",
  "receiver": {
    "bytes_transferred": 16320,
    "datagrams_received": 76,
    "datagrams_sent": 89,
    "duration_seconds": 0.3589940130004834,
    "retransmissions": 0,
    "throughput_bytes_per_second": 45460.368164908716
  },
  "scenario": "P2",
  "scenario_kind": "loss",
  "scenario_value": 5,
  "sender": {
    "bytes_transferred": 16320,
    "datagrams_received": 89,
    "datagrams_sent": 83,
    "duration_seconds": 0.10885665800014976,
    "retransmissions": 15,
    "throughput_bytes_per_second": 149921.92760480987
  },
  "window": 4
}
