{"bytes_transferred": 16320, "datagrams_received": 135, "datagrams_sent": 133, "duration_seconds": 3.0702104499996494, "retransmissions": 1, "throughput_bytes_per_second": 5315.596525313717}
