{"bytes_transferred": 16320, "datagrams_received": 135, "datagrams_sent": 133, "duration_seconds": 3.1439709939995737, "retransmissions": 1, "throughput_bytes_per_second": 5190.8875848878815}
