{"bytes_transferred": 16320, "datagrams_received": 133, "datagrams_sent": 136, "duration_seconds": 2.867592861999583, "retransmissions": 67, "throughput_bytes_per_second": 5691.184483078956}
