{"bytes_transferred": 16320, "datagrams_received": 133, "datagrams_sent": 136, "duration_seconds": 2.8635191550001764, "retransmissions": 67, "throughput_bytes_per_second": 5699.280890614121}
