{
  "capture_pcap": true,
  "hash_match": true,
  "input_bytes": 16320,
  "input_sha256": "f15595903895536b73d669d601a0c865629d93597d94feea8fc03f8c07ebdf7d",
  "mode": "sr",
  "output_sha256": "f15595903895536b73d669d601a0c865629d93597d94feea8fc03f8c07ebdf7d",
  "receiver": {
    "bytes_transferred": 16320,
    "datagrams_received": 135,
    "datagrams_sent": 133,
    "duration_seconds": 3.1439709939995737,
    "retransmissions": 1,
    "throughput_bytes_per_second": 5190.8875848878815
  },
  "scenario": "L3",
  "scenario_kind": "latency",
  "scenario_value": 150,
  "sender": {
    "bytes_transferred": 16320,
    "datagrams_received": 133,
    "datagrams_sent": 136,
    "duration_seconds": 2.867592861999583,
    "retransmissions": 67,
    "throughput_bytes_per_second": 5691.184483078956
  },
  "window": 4
}
